
CREATE TABLE familias (
    id INT AUTO_INCREMENT PRIMARY KEY,
    nombre VARCHAR(100) NOT NULL,
    descripcion varchar (255)
);

CREATE TABLE periodos (
    id INT AUTO_INCREMENT PRIMARY KEY,
    numero INT NOT NULL,
    descripcion text
);

CREATE TABLE elementos (
    id INT AUTO_INCREMENT PRIMARY KEY,
    numero_atomico INT NOT NULL,
    simbolo VARCHAR(5) NOT NULL,
    nombre VARCHAR(100) NOT NULL,
    masa_atomica DECIMAL(8,4),
    electronegatividad DECIMAL(4,2),
    estado_oxidacion VARCHAR(20),
    configuracion_corta VARCHAR(50),
    punto_fusion DECIMAL(8,2),
    punto_ebullicion DECIMAL(8,2),
    descripcion TEXT,
    familia_id INT,
    grupo int,
    periodo_id INT,
    FOREIGN KEY (familia_id) REFERENCES familias(id),
    FOREIGN KEY (periodo_id) REFERENCES periodos(id)
);

-- DATOS DE FAMILIAS
INSERT INTO familias (nombre, descripcion) VALUES
('Metales alcalinos', 'Metales muy reactivos, blandos y de baja densidad, pertenecen al grupo 1.'),
('Metales alcalinotérreos', 'Metales menos reactivos que los alcalinos, de mayor densidad, pertenecen al grupo 2.'),
('Metales de transición', 'Metales duros, buenos conductores, con múltiples estados de oxidación, se encuentran en los grupos 3-12.'),
('Metaloides', 'Elementos con propiedades intermedias entre metales y no metales, usados en semiconductores.'),
('No metales', 'Elementos no metálicos, gaseosos o sólidos, esenciales para la vida y compuestos químicos.'),
('Halógenos', 'Elementos altamente reactivos, no metales, pertenecen al grupo 17.'),
('Gases nobles', 'Elementos inertes, gaseosos y no reactivos, pertenecen al grupo 18.'),
('Lantánidos', 'Serie de metales raros, usados en imanes, láseres y aleaciones especiales.'),
('Actínidos', 'Serie de metales radiactivos, algunos sintéticos, usados en energía nuclear e investigación.'),
('Otros metales', 'Metales que no pertenecen a otras categorías, incluyen Al, Sn, Pb, Bi, etc.');

-- DATOS PERIODOS
INSERT INTO periodos (numero, descripcion) VALUES
(1, 'Primer periodo, incluye H y He, elementos ligeros.'),
(2, 'Segundo periodo, incluye Li a Ne, elementos con capa 2 de electrones.'),
(3, 'Tercer periodo, elementos con capa 3 de electrones, incluyen Na a Ar.'),
(4, 'Cuarto periodo, incluye K a Kr, metales de transición y no metales.'),
(5, 'Quinto periodo, incluye Rb a Xe, metales de transición y gases nobles.'),
(6, 'Sexto periodo, incluye Cs a Rn, metales de transición, lantánidos y gases nobles.'),
(7, 'Séptimo periodo, elementos radiactivos y sintéticos, actínidos y gases nobles.');


-- ELEMENTOS (datos esenciales, 118 elementos)  
INSERT INTO elementos (numero_atomico, simbolo, nombre, masa_atomica, electronegatividad, estado_oxidacion, configuracion_corta, punto_fusion, punto_ebullicion, descripcion, familia_id, grupo, periodo_id) VALUES
(1,'H','Hidrógeno',1.008,2.20,'+1','1s1',-259.1,-252.9,'Gas más ligero, usado en celdas de combustible.',5,1,1),
(2,'He','Helio',4.0026,NULL,'0','1s2',-272.2,-268.9,'Gas noble, inerte, usado en globos y criogenia.',7,18,1),
(3,'Li','Litio',6.94,0.98,'+1','[He] 2s1',180.5,1342,'Metal blando usado en baterías.',1,1,2),
(4,'Be','Berilio',9.0122,1.57,'+2','[He] 2s2',1287,2469,'Metal duro gris usado en materiales aeroespaciales.',2,2,2),
(5,'B','Boro',10.81,2.04,'+3','[He] 2s2 2p1',2076,3927,'Metaloide usado en vidrio y detergentes.',4,13,2),
(6,'C','Carbono',12.011,2.55,'+4,-4','[He] 2s2 2p2',3550,4827,'Elemento esencial para la vida, presente en compuestos orgánicos.',5,14,2),
(7,'N','Nitrógeno',14.007,3.04,'-3','[He] 2s2 2p3',-210.0,-195.8,'Gas incoloro, constituye 78% de la atmósfera.',5,15,2),
(8,'O','Oxígeno',15.999,3.44,'-2','[He] 2s2 2p4',-218.8,-183.0,'Gas esencial para respiración y combustión.',5,16,2),
(9,'F','Flúor',18.998,3.98,'-1','[He] 2s2 2p5',-219.6,-188.1,'Gas altamente reactivo, usado en pastas dentales y refrigerantes.',6,17,2),
(10,'Ne','Neón',20.180,NULL,'0','[He] 2s2 2p6',-248.6,-246.1,'Gas noble usado en luces y letreros.',7,18,2),
(11,'Na','Sodio',22.990,0.93,'+1','[Ne] 3s1',97.8,883,'Metal blando que reacciona con agua, esencial en biología.',1,1,3),
(12,'Mg','Magnesio',24.305,1.31,'+2','[Ne] 3s2',650,1090,'Metal ligero usado en aleaciones y en el cuerpo humano.',2,2,3),
(13,'Al','Aluminio',26.982,1.61,'+3','[Ne] 3s2 3p1',660.3,2470,'Metal ligero usado en construcción y envases.',10,13,3),
(14,'Si','Silicio',28.085,1.90,'+4,-4','[Ne] 3s2 3p2',1414,3265,'Semiconductor, clave en electrónica y computadoras.',4,14,3),
(15,'P','Fósforo',30.974,2.19,'+5,-3','[Ne] 3s2 3p3',44.1,280.5,'No metal esencial para ADN y fertilizantes.',5,15,3),
(16,'S','Azufre',32.06,2.58,'-2','[Ne] 3s2 3p4',115.2,444.6,'Sólido amarillo, usado en ácido sulfúrico y medicinas.',5,16,3),
(17,'Cl','Cloro',35.45,3.16,'-1','[Ne] 3s2 3p5',-101.5,-34.0,'Gas verdoso usado en desinfección.',6,17,3),
(18,'Ar','Argón',39.948,NULL,'0','[Ne] 3s2 3p6',-189.3,-185.8,'Gas noble usado en iluminación y soldadura.',7,18,3),
(19,'K','Potasio',39.098,0.82,'+1','[Ar] 4s1',63.5,759,'Metal blando, vital para función nerviosa.',1,1,4),
(20,'Ca','Calcio',40.078,1.00,'+2','[Ar] 4s2',842,1484,'Elemento esencial para huesos y conchas.',2,2,4),
(21,'Sc','Escandio',44.956,1.36,'+3','[Ar] 3d1 4s2',1541,2830,'Metal de transición usado en aleaciones.',3,3,4),
(22,'Ti','Titanio',47.867,1.54,'+4','[Ar] 3d2 4s2',1668,3287,'Metal fuerte y ligero, resistente a corrosión.',3,4,4),
(23,'V','Vanadio',50.942,1.63,'+5','[Ar] 3d3 4s2',1910,3407,'Metal de transición usado en aceros y aleaciones.',3,5,4),
(24,'Cr','Cromo',51.996,1.66,'+6','[Ar] 3d5 4s1',1907,2671,'Metal de transición brillante, usado en recubrimientos.',3,6,4),
(25,'Mn','Manganeso',54.938,1.55,'+7','[Ar] 3d5 4s2',1244,2095,'Metal de transición usado en aceros y baterías.',3,7,4),
(26,'Fe','Hierro',55.845,1.83,'+3,+2','[Ar] 3d6 4s2',1538,2862,'Metal de transición esencial en biología y construcción.',3,8,4),
(27,'Co','Cobalto',58.933,1.88,'+2,+3','[Ar] 3d7 4s2',1495,2927,'Metal de transición usado en imanes y aleaciones.',3,9,4),
(28,'Ni','Níquel',58.693,1.91,'+2','[Ar] 3d8 4s2',1455,2913,'Metal de transición usado en baterías y aleaciones.',3,10,4),
(29,'Cu','Cobre',63.546,1.90,'+2,+1','[Ar] 3d10 4s1',1084,2562,'Metal conductor, usado en electricidad y monedas.',3,11,4),
(30,'Zn','Zinc',65.38,1.65,'+2','[Ar] 3d10 4s2',419.5,907,'Metal de transición usado en galvanizado y aleaciones.',3,12,4),
(31,'Ga','Galio',69.723,1.81,'+3','[Ar] 3d10 4s2 4p1',29.8,2204,'Metal blando, punto de fusión bajo, usado en semiconductores.',10,13,4),
(32,'Ge','Germanio',72.63,2.01,'+4','[Ar] 3d10 4s2 4p2',938.3,2833,'Metaloide semiconductor usado en electrónica.',4,14,4),
(33,'As','Arsénico',74.922,2.18,'-3,+3,+5','[Ar] 3d10 4s2 4p3',817,613,'Metaloide tóxico, usado en aleaciones y pesticidas.',4,15,4),
(34,'Se','Selenio',78.971,2.55,'-2,+4,+6','[Ar] 3d10 4s2 4p4',217,684.9,'No metal usado en fotocélulas y vidrio.',5,16,4),
(35,'Br','Bromo',79.904,2.96,'-1','[Ar] 3d10 4s2 4p5',-7.2,58.8,'Halógeno líquido a temperatura ambiente, usado en desinfectantes.',6,17,4),
(36,'Kr','Kriptón',83.798,NULL,'0','[Ar] 3d10 4s2 4p6',-157.4,-153.2,'Gas noble usado en iluminación y láseres.',7,18,4),
(37,'Rb','Rubidio',85.468,0.82,'+1','[Kr] 5s1',39.3,688,'Metal alcalino blando, usado en investigación y celdas fotoeléctricas.',1,1,5),
(38,'Sr','Estroncio',87.62,0.95,'+2','[Kr] 5s2',769,1384,'Metal alcalinotérreo, usado en pirotecnia y aleaciones.',2,2,5),
(39,'Y','Itrio',88.906,1.22,'+3','[Kr] 4d1 5s2',1526,3337,'Metal de transición, usado en superconductores y LEDs.',3,3,5),
(40,'Zr','Circonio',91.224,1.33,'+4','[Kr] 4d2 5s2',1855,4377,'Metal resistente a corrosión, usado en reactores nucleares.',3,4,5),
(41,'Nb','Niobio',92.906,1.6,'+5','[Kr] 4d4 5s1',2477,4744,'Metal de transición usado en aceros y superconductores.',3,5,5),
(42,'Mo','Molibdeno',95.95,2.16,'+6','[Kr] 4d5 5s1',2623,4639,'Metal de transición usado en aceros y catalizadores.',3,6,5),
(43,'Tc','Tecnecio',98,NULL,'+7','[Kr] 4d5 5s2',2157,4265,'Elemento radioactivo sintético, usado en medicina nuclear.',3,7,5),
(44,'Ru','Rutenio',101.07,2.2,'+4,+3','[Kr] 4d7 5s1',2334,4150,'Metal de transición raro, usado en aleaciones eléctricas y contactos.',3,8,5),
(45,'Rh','Rodio',102.91,2.28,'+3','[Kr] 4d8 5s1',1966,3695,'Metal precioso, usado en catalizadores y joyería.',3,9,5),
(46,'Pd','Paladio',106.42,2.20,'+2','[Kr] 4d10',1555,2963,'Metal precioso, usado en catalizadores y electrónica.',3,10,5),
(47,'Ag','Plata',107.87,1.93,'+1','[Kr] 4d10 5s1',961.8,2162,'Metal precioso, conductor eléctrico, usado en joyería.',3,11,5),
(48,'Cd','Cadmio',112.41,1.69,'+2','[Kr] 4d10 5s2',321,767,'Metal blando, usado en baterías y pigmentos.',3,12,5),
(49,'In','Indio',114.82,1.78,'+3','[Kr] 4d10 5s2 5p1',156.6,2072,'Metal blando, usado en semiconductores y aleaciones.',10,13,5),
(50,'Sn','Estaño',118.71,1.96,'+4,+2','[Kr] 4d10 5s2 5p2',231.9,2602,'Metal blando, usado en aleaciones y recubrimientos.',10,14,5),
(51,'Sb','Antimonio',121.76,2.05,'+3,+5','[Kr] 4d10 5s2 5p3',630.6,1587,'Metaloide usado en aleaciones, semiconductores y retardantes de llama.',4,15,5),
(52,'Te','Telurio',127.60,2.1,'-2,+4,+6','[Kr] 4d10 5s2 5p4',449.5,988,'Metaloide usado en aleaciones y semiconductores.',4,16,5),
(53,'I','Yodo',126.90,2.66,'-1','[Kr] 4d10 5s2 5p5',113.7,184.3,'Halógeno sólido, usado en medicina y desinfectantes.',6,17,5),
(54,'Xe','Xenón',131.29,NULL,'0','[Kr] 4d10 5s2 5p6',-111.8,-108.1,'Gas noble usado en lámparas y anestesia.',7,18,5),
(55,'Cs','Cesio',132.91,0.79,'+1','[Xe] 6s1',28.5,671,'Metal alcalino blando, usado en relojes atómicos y celdas fotoeléctricas.',1,1,6),
(56,'Ba','Bario',137.33,0.89,'+2','[Xe] 6s2',727,1897,'Metal alcalinotérreo, usado en aleaciones y fuegos artificiales.',2,2,6),
(57,'La','Lantano',138.91,1.1,'+3','[Xe] 5d1 6s2',920,3464,'Metal de tierras raras, usado en aleaciones y fósforos.',8,3,6),
(58,'Ce','Cerio',140.12,1.12,'+3,+4','[Xe] 4f1 5d1 6s2',795,3443,'Metal de tierras raras, usado en catalizadores y pulido de vidrio.',8,4,6),
(59,'Pr','Praseodimio',140.91,1.13,'+3','[Xe] 4f3 6s2',931,3520,'Metal de tierras raras usado en aleaciones y imanes.',8,5,6),
(60,'Nd','Neodimio',144.24,1.14,'+3','[Xe] 4f4 6s2',1010,3074,'Metal de tierras raras, usado en imanes potentes.',8,6,6),
(61,'Pm','Prometio',145,NULL,'+3','[Xe] 4f5 6s2',300,3273,'Elemento radioactivo de tierras raras, usado en investigación.',8,7,6),
(62,'Sm','Samario',150.36,1.17,'+3','[Xe] 4f6 6s2',1072,1794,'Metal de tierras raras, usado en imanes y láseres.',8,8,6),
(63,'Eu','Europio',151.96,1.2,'+2,+3','[Xe] 4f7 6s2',822,1529,'Metal de tierras raras, usado en fósforos y pantallas.',8,9,6),
(64,'Gd','Gadolinio',157.25,1.20,'+3','[Xe] 4f7 5d1 6s2',1312,3273,'Metal de tierras raras, usado en imanes y contrastes MRI.',8,10,6),
(65,'Tb','Terbio',158.93,1.2,'+3','[Xe] 4f9 6s2',1356,3123,'Metal de tierras raras, usado en láseres y fósforos.',8,11,6),
(66,'Dy','Disprosio',162.50,1.22,'+3','[Xe] 4f10 6s2',1412,2567,'Metal de tierras raras, usado en imanes de alta resistencia.',8,12,6),
(67,'Ho','Holmio',164.93,1.23,'+3','[Xe] 4f11 6s2',1474,2700,'Metal de tierras raras, usado en láseres y materiales magnéticos.',8,13,6),
(68,'Er','Erbio',167.26,1.24,'+3','[Xe] 4f12 6s2',1529,2868,'Metal de tierras raras, usado en láseres y fibra óptica.',8,14,6),
(69,'Tm','Tulio',168.93,1.25,'+3','[Xe] 4f13 6s2',1545,1950,'Metal de tierras raras, usado en láseres de estado sólido.',8,15,6),
(70,'Yb','Iterbio',173.05,1.1,'+2,+3','[Xe] 4f14 6s2',824,1196,'Metal de tierras raras, usado en aleaciones y láseres.',8,16,6),
(71,'Lu','Lutecio',174.97,1.27,'+3','[Xe] 4f14 5d1 6s2',1663,3402,'Metal de tierras raras, usado en catalizadores y aleaciones.',8,17,6),
(72,'Hf','Hafnio',178.49,1.3,'+4','[Xe] 4f14 5d2 6s2',2233,4603,'Metal de transición, resistente a corrosión, usado en reactores nucleares.',3,4,6),
(73,'Ta','Tantalio',180.95,1.5,'+5','[Xe] 4f14 5d3 6s2',3017,5458,'Metal de transición, resistente a corrosión, usado en electrónica.',3,5,6),
(74,'W','Wolframio',183.84,2.36,'+6','[Xe] 4f14 5d4 6s2',3422,5555,'Metal de transición, punto de fusión muy alto, usado en filamentos.',3,6,6),
(75,'Re','Renio',186.21,1.9,'+7','[Xe] 4f14 5d5 6s2',3180,5596,'Metal de transición raro, usado en aleaciones y catalizadores.',3,7,6),
(76,'Os','Osmio',190.23,2.2,'+4,+3','[Xe] 4f14 5d6 6s2',3045,5027,'Metal de transición denso, usado en puntas de plumas y contactos eléctricos.',3,8,6),
(77,'Ir','Iridio',192.22,2.2,'+3,+4','[Xe] 4f14 5d7 6s2',2446,4428,'Metal de transición muy resistente, usado en contactos y aleaciones.',3,9,6),
(78,'Pt','Platino',195.08,2.28,'+2,+4','[Xe] 4f14 5d9 6s1',1768,3827,'Metal precioso, usado en joyería, catalizadores y equipos médicos.',3,10,6),
(79,'Au','Oro',196.97,2.54,'+3,+1','[Xe] 4f14 5d10 6s1',1064,2856,'Metal precioso, conductor eléctrico y joyería.',3,11,6),
(80,'Hg','Mercurio',200.59,2.00,'+2','[Xe] 4f14 5d10 6s2',-38.83,356.7,'Metal líquido a temperatura ambiente, usado en termómetros y lámparas.',3,12,6),
(81,'Tl','Talio',204.38,1.62,'+1,+3','[Xe] 4f14 5d10 6s2 6p1',304,1473,'Metal blando, usado en electrónica y aleaciones.',10,13,6),
(82,'Pb','Plomo',207.2,2.33,'+2,+4','[Xe] 4f14 5d10 6s2 6p2',327.5,1749,'Metal pesado, usado en baterías, soldaduras y protección contra radiación.',10,14,6),
(83,'Bi','Bismuto',208.98,2.02,'+3,+5','[Xe] 4f14 5d10 6s2 6p3',271.3,1564,'Metal pesado, no tóxico, usado en cosméticos y aleaciones.',10,15,6),
(84,'Po','Polonio',209,NULL,'+2,+4','[Xe] 4f14 5d10 6s2 6p4',254,962,'Elemento radiactivo, usado en investigación nuclear.',4,16,6),
(85,'At','Astato',210,NULL,'-1,+1,+3,+5','[Xe] 4f14 5d10 6s2 6p5',302,337,'Halógeno radiactivo, muy raro, usado en investigación.',6,17,6),
(86,'Rn','Radón',222,NULL,'0','[Xe] 4f14 5d10 6s2 6p6',-71,-61,'Gas noble radiactivo, usado en medicina y geofísica.',7,18,6),
(87,'Fr','Francio',223,NULL,'+1','[Rn] 7s1',27,NULL,'Metal alcalino extremadamente raro y radiactivo.',1,1,7),
(88,'Ra','Radio',226,NULL,'+2','[Rn] 7s2',700,1737,'Metal alcalinotérreo radiactivo, usado en medicina.',2,2,7),
(89,'Ac','Actinio',227,NULL,'+3','[Rn] 6d1 7s2',1050,3200,'Metal radioactivo, usado en investigación nuclear.',8,3,7),
(90,'Th','Torio',232.04,1.3,'+4','[Rn] 6d2 7s2',1750,4820,'Metal radiactivo, usado en reactores y aleaciones.',8,4,7),
(91,'Pa','Protactinio',231.04,1.5,'+5','[Rn] 5f2 6d1 7s2',1572,4000,'Metal radiactivo, usado en investigación nuclear.',8,5,7),
(92,'U','Uranio',238.03,1.38,'+6','[Rn] 5f3 6d1 7s2',1132,4131,'Metal radiactivo, combustible nuclear.',8,6,7),
(93,'Np','Neptunio',237,NULL,'+5','[Rn] 5f4 6d1 7s2',640,4000,'Elemento radiactivo sintético, usado en reactores nucleares.',8,7,7),
(94,'Pu','Plutonio',244,NULL,'+4','[Rn] 5f6 7s2',639.4,3228,'Metal radiactivo usado en reactores y armas nucleares.',8,8,7),
(95,'Am','Americio',243,NULL,'+3','[Rn] 5f7 7s2',994,2607,'Elemento sintético, usado en detectores de humo y neutron.',8,9,7),
(96,'Cm','Curio',247,NULL,'+3','[Rn] 5f7 6d1 7s2',1340,3110,'Elemento sintético radiactivo, usado en investigación.',8,10,7),
(97,'Bk','Berkelio',247,NULL,'+3','[Rn] 5f9 7s2',986,2627,'Elemento sintético radiactivo, usado en investigación.',8,11,7),
(98,'Cf','Californio',251,NULL,'+3','[Rn] 5f10 7s2',900,1470,'Elemento sintético radiactivo, usado en detectores de neutrones.',8,12,7),
(99,'Es','Einstenio',252,NULL,'+3','[Rn] 5f11 7s2',860,NULL,'Elemento sintético, usado en investigación.',8,13,7),
(100,'Fm','Fermio',257,NULL,'+3','[Rn] 5f12 7s2',1527,NULL,'Elemento sintético, usado en investigación nuclear.',8,14,7),
(101,'Md','Mendelevio',258,NULL,'+2,+3','[Rn] 5f13 7s2',827,NULL,'Elemento sintético radiactivo, usado en investigación.',8,15,7),
(102,'No','Nobelio',259,NULL,'+2,+3','[Rn] 5f14 7s2',827,NULL,'Elemento sintético, último de los actínidos conocidos.',8,16,7),
(103,'Lr','Lawrencio',262,NULL,'+3','[Rn] 5f14 7s2 7p1',900,NULL,'Elemento sintético radiactivo, usado en investigación.',8,17,7),
(104,'Rf','Rutherfordio',267,NULL,'+4','[Rn] 5f14 6d2 7s2',2400,NULL,'Elemento sintético de transición, usado en investigación.',3,4,7),
(105,'Db','Dubnio',270,NULL,'+5','[Rn] 5f14 6d3 7s2',2400,NULL,'Elemento sintético de transición, usado en investigación.',3,5,7),
(106,'Sg','Seaborgio',271,NULL,'+6','[Rn] 5f14 6d4 7s2',2200,NULL,'Elemento sintético de transición, usado en investigación.',3,6,7),
(107,'Bh','Bohrio',270,NULL,'+7','[Rn] 5f14 6d5 7s2',2200,NULL,'Elemento sintético de transición, usado en investigación.',3,7,7),
(108,'Hs','Hassio',277,NULL,'+8','[Rn] 5f14 6d6 7s2',2100,NULL,'Elemento sintético de transición, usado en investigación.',3,8,7),
(109,'Mt','Meitnerio',276,NULL,'+1,+2,+3','[Rn] 5f14 6d7 7s2',2100,NULL,'Elemento sintético, usado en investigación.',3,9,7),
(110,'Ds','Darmstatio',281,NULL,'+2,+3,+4','[Rn] 5f14 6d8 7s2',2100,NULL,'Elemento sintético de transición, usado en investigación.',3,10,7),
(111,'Rg','Roentgenio',282,NULL,'+1,+3','[Rn] 5f14 6d9 7s2',2100,NULL,'Elemento sintético de transición, usado en investigación.',3,11,7),
(112,'Cn','Copernicio',285,NULL,'+2,+4','[Rn] 5f14 6d10 7s2',2100,NULL,'Elemento sintético, último metal conocido.',3,12,7),
(113,'Nh','Nihonio',286,NULL,'+1,+3','[Rn] 5f14 6d10 7s2 7p1',700,NULL,'Elemento sintético, usado en investigación.',10,13,7),
(114,'Fl','Flerovio',289,NULL,'+2,+4','[Rn] 5f14 6d10 7s2 7p2',700,NULL,'Elemento sintético, usado en investigación.',10,14,7),
(115,'Mc','Moscovio',288,NULL,'+1,+3','[Rn] 5f14 6d10 7s2 7p3',700,NULL,'Elemento sintético, usado en investigación.',10,15,7),
(116,'Lv','Livermorio',293,NULL,'+2,+4','[Rn] 5f14 6d10 7s2 7p4',700,NULL,'Elemento sintético, usado en investigación.',10,16,7),
(117,'Ts','Tenesino',294,NULL,'+1,+3','[Rn] 5f14 6d10 7s2 7p5',700,NULL,'Elemento sintético, halógeno pesado.',6,17,7),
(118,'Og','Oganesón',294,NULL,'0','[Rn] 5f14 6d10 7s2 7p6',700,NULL,'Gas noble sintético, último elemento de la tabla periódica.',7,18,7);
